N,Iou1,iou2,iou2
14,0.940059,,
8,0.934039,,\
4,0.938150,,
2,0.939053,0.941507,
1,0.937653,,
0,0.941276,,
16,,,
32,,,
None,0.946616,0.947677,